temperature,humidity,cloud_cover,irradiance,hour,month,solar_output
19.0,55,21,417.9,9,7,2.89
30.1,42,99,55.9,16,4,0.31
6.9,85,97,50.2,13,11,0.25
14.7,76,29,441.5,12,8,2.87
32.2,60,24,627.7,14,5,3.74
18.0,89,27,508.4,12,7,3.02
13.1,63,64,124.7,8,10,0.62
28.9,68,44,240.5,8,3,2.15
15.8,32,67,224.4,13,7,1.42
8.0,37,6,297.6,10,11,2.0
14.1,52,48,219.2,9,11,1.11
16.7,43,8,487.7,13,8,2.81
29.0,85,35,569.4,11,5,3.78
29.2,84,82,110.5,7,4,0.93
15.6,56,0,361.1,9,8,2.26
17.6,83,9,87.2,17,8,0.45
33.1,58,35,319.0,16,3,1.8
29.6,68,72,285.5,9,6,1.55
29.8,82,45,531.9,11,5,2.9
24.5,68,31,620.7,11,2,3.91
15.4,30,31,36.4,6,8,0.33
16.6,46,5,529.5,13,12,3.32
26.6,70,47,537.3,11,6,3.14
28.9,59,37,248.1,8,2,1.52
21.3,82,16,355.6,14,12,2.05
28.0,42,73,32.1,7,5,0.04
26.5,50,26,260.9,16,1,1.89
18.5,48,53,230.5,13,12,1.41
9.7,82,49,165.5,15,10,1.09
29.5,48,34,298.8,8,6,1.93
20.1,86,84,50.9,18,12,0.33
10.0,54,24,103.9,17,9,0.67
25.2,51,27,438.1,10,1,2.41
14.6,60,14,392.2,11,11,2.17
18.4,46,3,251.3,15,11,1.32
8.7,84,92,64.5,11,10,0.51
13.9,52,72,152.9,9,12,0.93
8.9,61,26,217.1,8,12,1.12
30.4,39,25,546.7,9,3,3.33
16.1,39,18,0.0,6,12,0.11
18.3,65,91,147.2,9,7,0.74
29.8,37,16,91.1,6,4,0.53
7.4,83,42,0.0,17,9,0.11
32.3,81,40,0.0,6,3,0.0
27.2,49,41,430.4,15,5,2.67
37.9,61,49,505.4,11,3,2.94
19.5,79,83,248.2,10,7,1.29
26.4,43,39,322.4,16,5,1.97
10.1,79,38,274.4,9,9,1.72
15.8,57,22,0.0,18,7,0.0
26.4,75,95,102.3,16,2,0.5
28.7,81,51,234.7,8,4,1.19
14.7,82,46,0.0,6,9,0.0
14.2,53,62,222.4,11,12,1.33
29.2,44,96,0.0,7,2,0.0
12.3,51,68,172.1,13,10,0.74
11.4,59,42,203.1,15,9,1.08
14.7,33,47,213.2,10,10,1.2
31.5,42,33,719.1,12,5,4.37
33.8,88,39,465.8,15,2,2.82
28.8,52,74,68.3,17,4,0.57
15.2,37,60,89.3,7,12,0.39
19.7,47,49,14.6,18,12,0.12
15.4,41,66,293.4,13,7,1.28
19.0,84,61,83.8,7,12,0.59
16.3,60,57,268.9,9,8,1.74
26.0,43,32,0.0,6,3,0.0
15.9,63,74,126.2,10,1,0.82
28.0,47,15,714.2,14,4,3.93
18.1,85,81,37.9,6,2,0.07
13.5,63,93,78.8,14,8,0.63
31.9,40,47,265.1,16,4,1.65
23.6,70,9,700.7,13,2,4.12
29.2,41,81,233.6,11,6,1.54
30.0,78,37,599.2,12,6,3.55
13.8,44,18,182.9,8,10,1.0
30.7,86,35,0.0,6,4,0.0
18.0,60,58,359.2,10,6,2.06
22.9,78,62,104.3,17,2,0.39
9.6,87,76,42.2,17,10,0.5
12.3,58,45,25.5,7,12,0.04
24.6,55,2,732.7,10,2,4.23
14.8,47,73,110.5,13,10,0.36
25.1,61,64,264.0,16,4,1.06
20.4,51,90,97.1,14,8,0.72
22.7,67,7,211.5,7,7,1.43
15.8,46,50,63.2,17,12,0.62
9.2,52,80,48.3,8,9,0.26
12.4,53,72,171.5,8,8,0.96
23.8,79,5,21.8,6,5,0.03
30.2,37,88,135.0,13,2,0.71
33.3,70,38,654.9,11,5,4.02
10.8,35,59,40.1,17,8,0.24
8.3,34,27,11.3,18,10,0.14
12.6,73,96,149.7,13,9,0.81
14.1,86,53,72.3,16,12,0.7
9.2,58,36,313.2,14,12,1.5
13.0,57,8,462.4,10,12,2.53
17.2,40,81,69.1,17,9,0.49
18.2,86,55,114.7,8,1,1.04
10.8,30,58,105.4,10,9,0.59
16.6,72,84,202.5,10,7,1.05
13.1,48,1,341.8,10,9,2.25
15.3,38,60,88.4,8,8,0.6
17.8,56,57,248.0,16,1,1.75
11.1,63,59,185.9,15,12,0.86
19.2,73,39,256.2,9,8,1.78
10.2,33,35,317.3,14,8,1.59
12.9,65,36,0.0,18,11,0.0
22.2,47,78,236.0,15,3,1.5
22.1,44,91,130.2,14,1,0.82
17.9,80,17,129.0,7,8,0.99
31.9,42,97,111.9,13,3,0.29
28.2,48,62,395.2,13,3,2.37
24.8,78,21,613.3,12,1,3.92
18.3,35,10,379.9,13,11,2.29
27.7,77,57,230.5,8,5,1.14
8.6,85,56,26.5,18,10,0.36
20.4,41,76,224.1,11,7,1.21
8.6,80,3,82.1,6,10,0.33
9.5,66,85,15.4,12,9,0.0
13.4,46,6,15.0,6,12,0.05
25.1,87,60,243.6,14,7,1.5
13.7,52,53,0.0,6,9,0.0
13.6,55,87,0.0,6,8,0.0
7.6,58,67,221.1,12,12,1.19
20.4,62,91,44.8,7,2,0.08
21.5,89,78,104.8,10,1,0.64
13.6,56,0,649.1,13,7,3.97
20.9,54,54,361.6,13,7,2.21
11.8,85,2,226.2,8,8,1.4
28.9,84,77,238.9,12,5,1.75
28.9,39,37,207.3,8,3,1.31
15.4,76,0,498.1,11,12,3.15
13.8,52,37,296.9,11,8,1.7
23.7,50,84,54.5,8,6,0.52
9.2,50,28,315.7,12,11,1.8
30.1,72,4,432.6,8,3,2.63
22.4,42,73,173.6,13,1,0.77
25.0,66,91,17.1,15,3,0.14
28.5,62,20,571.6,9,5,3.19
29.3,53,70,37.6,18,3,0.41
20.6,73,66,0.0,6,1,0.18
29.2,40,46,384.4,9,5,2.17
8.8,46,83,101.3,12,10,1.02
20.8,33,82,170.6,16,7,0.97
21.9,76,34,265.1,9,7,1.27
11.8,54,67,0.0,18,11,0.0
12.9,59,68,78.9,11,9,0.26
13.0,38,0,364.5,14,10,2.26
4.4,50,67,0.0,6,10,0.0
17.8,49,11,10.1,18,12,0.0
29.7,48,59,397.5,10,3,2.4
16.7,48,26,317.6,16,7,1.93
22.4,41,55,380.4,12,1,2.28
28.8,66,22,41.5,6,4,0.27
29.2,71,24,501.1,9,4,2.88
27.1,46,20,819.9,11,5,4.56
20.9,66,60,47.2,7,7,0.2
17.6,83,62,185.5,15,7,1.21
14.0,77,51,219.8,10,11,1.29
29.6,68,87,123.6,16,4,0.81
18.9,57,24,334.5,15,7,1.89
13.6,70,54,0.0,6,11,0.2
27.7,64,45,626.0,11,3,3.2
27.8,76,31,518.6,11,6,3.1
17.9,77,54,74.3,18,12,0.72
21.0,47,95,75.1,9,2,0.75
13.3,43,4,0.0,18,10,0.0
7.0,64,35,222.9,13,9,1.07
32.2,73,48,337.3,9,5,2.24
31.1,70,57,368.6,13,6,2.15
17.6,89,38,0.0,18,12,0.0
8.5,36,79,18.4,13,12,0.0
18.2,70,96,74.1,10,12,0.19
21.7,42,84,0.0,18,12,0.11
29.1,47,60,394.8,9,4,2.46
11.2,66,8,92.2,17,11,0.59
6.4,42,5,47.1,18,10,0.13
20.9,65,34,181.3,7,7,0.87
18.8,60,38,235.1,16,12,1.12
13.4,31,21,150.2,8,9,0.79
29.4,45,40,195.0,8,7,0.95
20.1,38,4,465.9,9,1,2.45
15.1,38,41,344.1,9,1,2.2
11.9,67,86,44.8,15,9,0.01
4.1,40,80,55.7,16,11,0.53
9.7,83,75,85.2,16,9,0.59
34.9,85,86,150.5,10,4,0.93
12.3,51,79,41.5,9,9,0.58
29.2,62,66,186.9,16,3,0.85
25.5,65,29,364.5,15,7,2.36
24.2,74,56,428.9,13,6,2.51
18.8,52,85,158.4,11,8,1.46
11.7,74,72,94.7,11,11,0.49
12.5,74,28,277.4,13,9,1.56
25.0,63,36,600.3,12,5,3.69
18.6,38,86,182.5,15,1,1.05
24.5,53,12,422.1,16,3,2.38
9.7,37,31,75.4,17,10,0.26
16.2,36,45,234.3,15,12,1.7
11.7,65,22,0.0,18,8,0.0
17.5,47,44,335.0,13,11,2.05
25.8,32,16,208.9,7,6,1.46
15.2,57,84,118.2,14,8,0.93
13.6,35,65,0.0,6,9,0.0
27.5,73,100,38.5,13,4,0.19
20.5,73,5,157.6,17,1,0.87
17.8,50,17,261.5,16,1,1.26
14.7,57,93,0.0,17,10,0.11
26.8,69,21,191.4,17,4,1.15
15.2,83,32,266.1,9,12,1.88
21.0,83,29,372.9,9,7,2.07
26.2,30,80,180.9,10,2,1.3
26.9,65,31,618.1,13,3,3.91
17.3,50,41,333.9,10,1,2.01
27.0,89,77,345.3,13,5,1.62
21.6,72,9,392.3,15,1,2.25
14.6,64,35,18.2,6,8,0.47
22.4,42,33,153.3,17,1,0.98
12.8,86,72,103.5,15,11,0.76
13.2,78,27,547.3,14,1,3.27
25.7,83,10,772.2,11,2,4.57
31.8,83,77,222.6,8,2,0.93
19.0,39,38,0.0,18,12,0.16
26.3,82,46,449.4,13,6,2.9
16.8,73,18,534.4,14,7,3.02
30.1,76,14,797.2,11,5,4.65
22.2,82,27,349.2,16,1,2.03
19.2,39,23,572.2,12,1,3.52
29.6,75,71,0.0,6,3,0.0
29.5,42,8,596.3,10,2,3.7
26.1,66,46,483.2,10,5,2.9
11.8,67,32,272.4,15,12,1.12
12.1,53,61,143.3,9,10,0.95
26.4,31,96,172.2,11,6,1.23
23.1,51,18,640.6,12,7,3.61
31.7,46,66,322.7,14,4,1.97
18.3,65,73,0.0,6,7,0.37
12.6,43,39,214.2,11,11,1.31
11.6,39,46,285.5,12,8,1.94
10.6,64,64,75.0,8,11,0.36
21.5,54,28,521.0,13,1,3.12
23.9,32,49,371.4,10,6,2.19
22.4,76,97,74.5,14,8,0.37
23.0,67,12,759.5,10,5,4.53
28.4,46,0,873.2,14,4,4.84
22.2,41,33,366.1,15,2,2.13
22.9,83,92,126.8,9,6,1.03
23.1,81,47,528.8,14,6,2.98
7.4,53,76,132.8,10,11,0.58
22.3,58,47,137.9,15,1,0.84
9.7,72,48,278.6,14,9,1.69
15.5,54,63,83.9,8,12,0.58
10.0,65,60,256.5,9,11,1.52
22.9,87,28,556.4,14,6,3.35
33.7,89,38,362.3,15,3,2.03
32.8,55,87,5.3,16,4,0.0
9.4,67,25,488.7,11,12,2.92
5.4,30,16,152.8,7,11,1.06
33.1,49,70,481.3,12,4,2.9
27.1,84,12,222.1,7,3,0.97
5.1,57,68,74.8,16,10,0.5
31.8,45,25,173.4,7,3,0.83
29.2,76,48,239.7,16,3,1.69
30.8,46,66,0.0,6,4,0.07
22.4,69,6,342.0,16,7,2.23
26.1,57,57,201.3,16,4,1.21
6.4,87,48,0.0,17,9,0.0
24.7,41,52,194.2,16,1,1.46
10.7,56,64,73.3,8,8,0.63
16.3,83,61,143.0,11,7,0.88
21.9,82,16,730.4,13,2,4.34
21.2,71,42,240.9,14,8,1.1
21.5,88,24,581.9,12,1,3.56
14.2,76,2,337.6,9,11,2.0
15.6,59,78,172.5,11,12,1.15
9.5,70,28,410.0,10,9,2.63
13.2,63,31,299.7,13,9,2.04
20.3,66,25,0.0,6,2,0.07
16.7,35,15,34.2,6,7,0.0
12.2,36,24,0.0,18,10,0.0
24.6,61,53,309.0,16,3,1.69
19.4,61,27,448.4,11,7,2.96
14.6,82,72,74.3,15,12,0.81
8.4,54,55,90.6,17,10,0.5
5.5,62,64,0.0,7,9,0.0
28.1,84,92,179.4,10,4,0.93
12.5,87,85,18.5,6,12,0.34
20.5,36,79,167.6,12,1,0.89
25.3,81,40,18.4,6,2,0.23
21.1,86,50,210.5,9,1,1.3
13.0,41,70,126.2,14,12,0.9
30.2,45,77,0.0,6,5,0.36
24.0,45,28,511.6,9,5,3.19
5.9,72,82,96.2,11,11,0.61
13.0,82,18,588.3,11,7,3.92
9.8,65,65,66.7,17,9,0.47
9.1,42,40,76.5,18,9,0.3
31.0,36,44,555.2,13,3,3.39
26.7,65,14,59.7,6,3,0.45
29.5,76,2,988.6,12,3,5.76
32.4,80,10,114.7,6,4,0.56
12.9,38,52,0.0,18,8,0.0
25.9,61,45,484.7,12,6,2.79
18.0,40,29,266.1,8,8,1.54
16.3,37,56,192.9,16,1,0.99
15.1,62,17,514.1,13,8,3.16
28.0,52,50,310.8,8,4,1.91
7.8,54,47,0.0,18,11,0.07
15.4,85,65,18.8,6,1,0.1
11.4,37,95,15.6,18,8,0.06
30.2,74,7,6.7,18,4,0.33
20.2,51,21,659.2,13,6,3.97
13.3,88,5,183.0,8,8,1.35
32.4,33,75,127.8,7,4,0.54
30.0,69,56,18.7,6,3,0.23
9.7,32,35,205.9,8,9,1.09
33.7,58,78,0.0,7,3,0.0
17.0,70,91,46.0,7,9,0.19
25.1,58,56,395.5,11,2,2.28
17.6,63,48,132.1,17,2,0.7
27.7,63,44,0.0,6,2,0.24
18.1,57,81,86.8,7,6,0.53
33.1,42,65,376.6,11,3,2.23
14.6,44,76,17.0,8,9,0.01
35.3,89,44,431.4,9,4,2.65
20.8,52,78,0.0,6,1,0.07
28.9,73,19,796.6,13,4,4.64
18.6,55,63,0.0,18,1,0.0
27.0,33,92,199.2,12,5,1.23
32.9,55,92,156.3,12,4,1.02
17.1,69,66,44.2,8,8,0.07
15.4,38,82,148.0,15,8,0.83
17.8,84,2,517.9,15,7,3.21
36.5,34,53,234.6,8,3,1.03
22.7,85,77,0.0,7,1,0.0
15.2,61,63,87.3,17,1,0.6
13.5,49,39,6.2,6,12,0.26
14.1,79,58,256.6,12,11,1.98
26.3,40,54,471.2,12,3,3.2
26.1,44,61,159.0,17,6,0.98
22.9,61,3,149.3,7,7,0.8
14.8,57,59,331.4,12,6,2.17
24.7,51,74,0.0,18,6,0.0
24.8,70,94,123.3,13,6,0.59
27.4,46,95,0.0,6,3,0.0
25.9,88,90,156.3,14,6,0.85
17.0,55,29,401.9,12,8,2.49
11.8,73,1,267.0,8,11,1.48
10.2,36,61,178.7,13,11,1.09
26.9,71,48,383.0,12,2,2.6
28.8,86,8,439.3,16,5,2.62
19.3,55,91,0.0,18,1,0.3
11.1,54,30,401.4,13,12,2.65
15.3,39,97,138.7,11,1,0.95
24.7,88,60,333.0,14,5,1.93
15.8,74,78,212.9,10,12,1.49
28.4,48,47,319.0,8,3,1.84
25.6,40,24,452.3,8,4,2.71
30.6,42,35,9.5,6,3,0.12
24.1,82,7,120.1,17,1,0.72
18.2,37,72,277.0,13,1,1.52
9.8,69,57,38.1,7,12,0.0
12.9,33,100,33.4,8,12,0.39
31.2,76,44,551.4,13,5,3.34
26.6,60,61,426.5,13,6,2.2
25.9,57,38,352.3,16,3,1.96
19.6,40,95,52.4,9,12,0.35
15.4,72,57,54.0,9,9,0.41
26.5,30,80,201.0,10,5,0.9
12.8,78,98,97.9,11,8,0.57
18.2,76,100,74.6,10,1,0.56
27.1,81,82,176.3,12,5,0.98
31.5,67,63,17.2,7,3,0.15
16.3,53,43,346.9,12,12,1.98
22.6,83,28,317.4,15,1,2.09
32.0,89,58,430.0,12,4,2.35
33.8,86,70,33.6,6,5,0.0
16.8,76,91,186.8,12,7,1.13
21.1,60,8,525.0,10,1,2.86
22.1,70,91,84.6,8,3,0.09
21.0,75,5,0.0,18,2,0.22
11.1,79,28,156.4,8,9,0.74
11.3,55,57,139.8,9,10,0.57
24.7,78,16,37.8,18,6,0.06
8.3,79,15,55.9,17,10,0.16
27.5,34,86,0.0,7,3,0.0
19.1,49,94,106.4,7,8,0.42
13.8,81,2,54.5,6,8,0.43
30.2,70,20,548.4,10,2,3.35
27.4,40,63,267.0,9,6,1.33
21.4,85,89,120.2,16,7,0.6
21.4,83,35,449.2,15,2,2.59
14.1,62,100,34.5,7,11,0.17
8.5,79,85,38.5,8,10,0.45
21.4,67,61,469.7,12,2,3.05
11.5,56,41,263.4,12,10,2.08
15.8,63,75,33.1,17,1,0.0
12.7,44,41,289.0,9,8,1.55
20.0,61,60,283.7,10,1,2.06
18.0,90,12,357.5,10,9,1.79
9.3,87,10,397.1,11,11,2.74
23.6,50,53,409.8,14,6,2.49
22.2,75,15,107.8,7,7,0.68
6.3,34,7,252.0,10,10,1.26
21.3,35,58,158.3,17,7,0.86
13.6,67,56,111.7,8,10,1.02
27.7,51,39,479.0,9,3,2.83
28.1,47,58,199.3,15,2,1.09
12.2,43,1,474.7,11,9,2.93
12.8,39,93,0.0,17,8,0.0
14.4,75,93,46.3,13,12,0.35
8.9,42,75,0.0,6,10,0.0
19.7,60,9,406.0,15,7,2.42
11.8,59,43,260.6,13,9,1.44
31.8,32,10,448.2,16,4,2.26
31.5,59,78,351.0,12,4,2.15
12.7,35,79,75.7,6,1,0.21
14.7,58,80,113.9,7,8,0.65
10.5,37,89,0.0,8,12,0.19
27.8,73,1,0.0,6,3,0.0
19.6,74,49,225.1,14,7,1.47
17.9,72,11,419.0,13,12,2.45
24.9,73,89,11.3,7,2,0.0
25.8,62,22,20.5,18,2,0.53
22.4,46,17,487.5,14,7,2.92
28.7,77,61,358.7,12,6,2.01
28.3,40,95,129.6,14,3,0.61
11.6,42,61,106.3,11,9,0.81
10.0,79,37,215.8,11,10,1.17
23.4,40,66,147.4,16,6,1.04
7.7,60,37,178.5,9,10,1.07
3.2,57,66,118.7,15,10,0.94
21.8,73,93,173.0,15,6,0.83
14.7,35,60,45.4,18,1,0.09
33.8,70,0,0.0,18,4,0.0
10.6,45,93,3.8,7,10,0.0
24.6,33,44,496.9,12,6,2.91
22.8,64,95,81.0,10,6,1.01
11.4,89,27,180.2,16,11,1.49
12.5,77,20,342.6,11,12,2.12
29.2,85,12,265.6,7,5,1.65
20.7,88,26,549.0,10,1,3.25
12.4,55,99,28.9,15,8,0.0
26.0,86,6,627.6,9,5,3.71
17.9,41,21,394.1,14,12,2.52
14.8,40,73,233.2,11,12,1.66
12.7,66,52,59.5,7,12,0.56
27.5,54,78,46.7,6,5,0.0
17.0,47,78,205.1,10,7,1.17
29.8,48,3,960.7,14,4,5.36
27.5,52,95,102.6,11,6,0.84
29.9,84,22,468.3,15,4,2.67
35.8,67,69,22.5,17,3,0.12
21.3,83,87,152.5,12,7,1.01
15.7,47,83,171.9,10,8,1.58
27.3,55,100,38.1,15,4,0.28
24.3,35,83,196.2,11,2,1.13
12.7,33,75,189.0,10,12,0.89
3.5,73,32,94.1,16,10,0.86
31.6,80,27,598.7,14,3,3.46
18.5,58,7,575.2,11,1,3.78
12.7,88,0,333.9,16,8,2.22
29.3,90,36,703.8,13,3,4.06
16.5,63,62,0.0,7,12,0.0
9.0,46,21,76.9,17,10,0.52
20.0,72,69,70.4,18,7,0.3
12.2,72,20,304.0,14,10,1.83
27.6,82,95,96.1,10,5,0.78
10.9,45,34,200.3,12,10,0.87
23.7,31,78,259.9,15,5,1.61
16.3,63,4,18.0,18,7,0.26
13.2,84,59,0.0,6,9,0.16
11.1,37,45,290.9,15,12,1.47
29.4,42,49,384.6,10,5,2.35
19.6,71,47,93.5,17,1,0.8
8.9,37,5,256.9,15,10,1.61
7.5,59,88,102.5,7,10,0.59
22.7,61,55,78.4,17,1,0.7
30.2,65,58,379.2,11,2,2.09
25.9,76,28,249.7,16,6,1.19
12.3,59,70,0.0,6,9,0.0
13.0,30,76,46.0,8,8,0.38
25.1,72,17,665.8,10,5,4.2
19.9,68,1,490.8,9,1,3.05
17.1,46,7,206.2,8,7,1.4
23.3,88,74,151.2,15,5,1.12
27.4,49,96,0.0,18,6,0.0
22.6,53,53,323.1,10,7,1.91
26.1,79,37,308.4,16,3,2.1
15.7,51,47,304.5,13,12,1.58
13.0,58,26,132.7,16,10,0.88
29.3,51,19,561.7,9,3,3.17
25.1,73,11,21.7,6,5,0.35
24.3,38,42,285.7,16,6,1.71
15.3,66,60,168.0,12,9,1.01
15.7,39,30,433.6,13,12,2.95
30.3,65,90,99.0,8,5,0.37
21.0,66,95,159.7,11,1,1.0
27.4,57,60,190.7,7,4,1.1
26.8,57,73,257.1,12,5,1.64
16.0,71,66,172.7,13,12,1.42
12.5,72,90,114.1,11,10,0.56
13.3,50,34,184.9,11,10,0.87
26.1,53,94,199.0,10,5,1.03
21.3,71,14,573.8,13,7,3.4
33.6,89,15,28.8,6,4,0.18
17.0,69,12,435.7,15,1,2.64
33.1,31,34,401.4,9,5,2.69
24.9,84,74,218.1,9,7,1.63
17.9,37,58,233.1,8,10,1.66
10.7,77,20,138.2,8,10,1.33
25.7,56,53,298.2,9,6,1.95
31.1,51,74,27.8,16,5,0.38
32.4,66,29,67.6,6,4,0.55
28.4,56,47,290.8,16,2,1.85
32.4,86,34,0.0,18,4,0.08
9.7,58,85,0.0,16,10,0.0
13.7,32,37,0.0,7,10,0.0
25.4,73,30,639.0,14,3,3.8
10.0,42,77,124.1,15,10,0.86
24.7,74,23,97.5,7,1,0.6
11.2,39,48,295.5,10,8,1.56
26.6,65,95,128.5,14,5,0.73
32.0,38,99,76.0,14,4,0.4
16.2,83,31,431.5,13,8,2.58
17.4,85,54,0.0,6,7,0.1
23.8,84,78,57.4,6,2,0.49
16.5,56,57,258.8,14,1,1.45
17.9,63,98,89.1,18,12,0.73
10.6,80,2,165.9,16,11,1.22
35.4,30,79,261.6,13,4,1.57
15.2,61,68,153.8,15,8,1.06
14.3,54,84,118.8,14,12,0.91
24.0,58,9,805.7,12,2,4.61
27.9,36,82,61.5,8,3,0.58
15.3,78,24,213.7,8,12,1.12
27.5,32,67,78.8,7,1,0.33
19.0,49,60,252.5,10,1,1.55
27.7,49,28,206.0,17,3,0.79
11.5,82,18,28.2,17,11,0.2
31.9,59,42,282.2,8,5,1.84
10.7,64,65,182.8,11,12,0.77
30.0,64,73,69.0,7,3,0.62
17.5,78,60,155.7,17,1,0.79
21.7,68,42,291.0,8,1,1.79
13.5,56,24,437.0,10,8,2.51
3.1,55,19,62.7,17,10,0.49
12.4,43,47,172.4,16,11,1.24
16.1,46,82,77.7,16,12,0.6
13.3,47,86,2.3,6,12,0.01
23.1,74,23,0.0,18,2,0.0
24.7,81,10,87.9,6,3,0.51
27.3,58,97,144.6,15,2,0.99
31.3,49,54,464.5,14,3,2.85
17.4,82,27,521.4,12,7,3.24
18.4,56,68,2.0,6,1,0.0
9.8,47,62,72.3,17,10,0.43
21.8,33,58,227.9,13,8,1.24
11.6,30,4,239.7,8,10,1.57
7.2,79,50,166.4,13,10,0.85
10.9,30,20,303.6,10,10,1.91
20.9,87,11,0.0,6,2,0.0
30.8,55,49,509.0,12,3,2.61
16.4,74,3,474.8,10,9,3.04
25.0,49,41,478.5,11,7,2.87
32.2,81,83,321.2,11,4,2.13
8.2,52,37,224.3,13,10,1.01
24.8,39,24,656.9,14,5,3.88
20.8,88,13,258.4,7,2,1.51
2.9,40,74,159.0,14,11,1.01
17.1,70,31,128.1,17,8,0.5
29.7,70,10,536.5,16,4,3.27
14.1,34,60,91.2,15,9,0.93
32.9,87,17,694.8,14,5,4.13
11.6,30,26,0.0,18,9,0.02
30.4,46,54,308.7,15,4,1.54
8.6,51,53,201.6,15,10,1.05
27.6,63,81,214.2,12,5,1.26
13.5,85,86,36.8,6,9,0.11
14.5,74,74,266.6,12,8,1.8
27.7,70,20,547.6,15,3,3.36
19.9,58,43,397.6,10,1,2.92
31.3,33,4,930.9,11,3,5.25
27.9,34,86,98.7,15,4,0.59
24.8,40,40,513.2,12,2,2.8
20.7,85,58,239.6,10,1,0.99
23.5,80,88,118.8,12,7,0.86
14.3,50,53,284.9,14,8,1.81
17.8,64,73,90.3,8,7,0.37
27.2,41,21,750.1,13,5,4.48
18.2,55,82,0.0,7,12,0.0
26.1,80,64,209.7,16,1,1.15
16.1,48,63,275.8,12,7,1.59
16.7,74,70,76.1,18,7,0.28
10.8,89,3,113.9,7,9,0.54
29.0,36,64,217.4,9,3,1.15
13.7,76,14,376.2,12,9,2.34
17.3,84,75,60.6,8,1,0.0
16.8,36,21,176.4,7,1,1.01
30.4,55,85,104.4,16,4,0.4
10.6,69,46,190.6,15,9,0.93
27.8,34,80,219.5,12,6,1.2
12.8,50,92,0.0,6,11,0.0
30.3,43,45,502.9,13,3,2.91
19.7,33,13,350.9,8,1,1.89
37.1,52,49,136.0,17,4,0.92
12.5,71,19,102.3,17,12,0.43
13.2,49,49,0.0,18,9,0.0
24.9,44,32,142.9,7,3,0.91
11.8,79,58,115.9,8,12,0.76
9.5,81,42,247.4,10,9,1.36
24.9,74,78,52.6,16,7,0.0
15.8,58,11,434.2,13,12,2.43
28.2,37,39,527.8,15,4,3.16
29.8,70,19,777.5,12,3,4.71
10.1,77,93,37.6,12,10,0.21
27.2,48,37,98.5,17,5,0.49
24.5,77,2,985.1,12,5,6.37
33.0,68,27,649.0,13,3,3.7
15.6,75,55,0.0,6,12,0.12
17.9,57,89,0.0,9,9,0.0
32.8,75,93,40.9,18,4,0.02
13.0,86,12,438.1,11,11,2.76
27.4,56,76,286.9,14,5,1.91
26.7,33,65,0.0,18,4,0.0
28.0,87,36,209.9,7,5,0.87
16.6,44,48,0.0,6,7,0.0
13.3,64,65,0.0,18,9,0.04
24.9,66,35,319.9,15,7,1.94
27.9,30,53,109.8,17,5,0.54
12.8,32,25,55.0,7,10,0.3
7.9,76,74,197.3,12,10,1.03
19.1,53,71,226.9,8,7,1.14
7.6,56,39,115.1,15,10,0.84
22.3,69,42,120.1,7,5,0.74
28.6,90,21,396.3,16,3,2.31
20.4,65,19,560.9,12,7,3.26
14.5,63,7,20.0,18,11,0.08
13.7,58,28,45.8,18,11,0.31
27.4,53,39,180.2,7,2,1.42
12.1,53,89,85.2,8,12,0.64
12.7,71,29,245.6,16,9,1.34
14.7,33,80,32.6,12,10,0.06
11.1,32,83,145.6,9,10,0.71
20.5,63,54,0.0,18,12,0.0
26.1,86,15,39.3,6,1,0.07
24.2,78,45,0.0,18,6,0.09
17.9,52,61,228.0,10,7,0.84
12.7,82,6,167.8,17,8,1.11
5.5,85,79,3.7,14,10,0.08
9.8,81,44,306.3,13,9,2.09
28.6,52,58,168.2,17,2,1.17
4.7,74,55,201.4,14,11,1.07
6.9,34,47,170.3,15,10,1.17
24.6,60,26,522.2,14,2,3.1
26.0,82,52,544.3,12,5,2.87
27.1,70,86,170.8,9,5,1.05
23.5,86,87,113.7,10,6,0.56
27.9,90,72,0.0,6,3,0.0
12.8,86,34,0.0,6,8,0.33
17.6,89,50,172.9,8,1,1.08
27.8,83,83,0.0,18,6,0.0
33.1,35,36,687.9,13,4,4.19
15.9,66,80,38.6,7,1,0.3
11.7,86,94,77.0,9,7,0.23
14.5,39,56,27.6,7,9,0.0
26.3,69,7,835.2,10,4,4.79
30.6,36,78,268.0,14,4,1.74
20.3,68,94,60.6,6,6,0.3
18.9,67,93,101.7,10,12,0.63
36.3,50,19,678.9,14,3,3.62
15.5,90,52,0.0,6,12,0.17
24.7,49,11,706.5,14,6,3.84
19.0,32,48,369.9,13,7,2.09
13.7,80,16,257.9,9,11,1.63
11.7,51,63,36.2,17,10,0.0
13.0,76,41,106.1,16,10,0.76
26.8,33,93,102.9,15,3,0.44
21.0,57,28,549.8,10,7,3.05
27.0,41,18,0.0,18,3,0.26
21.8,67,10,629.1,10,2,3.81
14.9,80,97,104.1,16,12,0.73
7.2,65,49,39.1,17,10,0.44
33.5,76,70,334.9,11,4,1.42
12.4,70,57,319.6,12,12,2.04
16.1,34,33,302.5,13,8,1.66
9.5,42,19,393.6,13,9,2.24
20.8,52,49,197.9,16,7,1.28
18.4,87,87,23.2,18,1,0.07
24.9,79,9,250.6,7,3,1.62
16.5,59,31,312.0,14,12,1.86
10.6,66,51,290.7,12,9,1.78
15.9,54,14,312.4,9,12,1.78
18.7,77,100,69.9,9,1,0.21
7.4,56,83,117.6,16,9,0.56
18.2,80,2,590.6,13,8,3.52
22.2,43,36,321.2,9,1,2.29
23.3,86,39,23.2,18,6,0.43
28.9,77,71,316.7,11,5,1.74
28.1,88,39,602.9,10,6,3.58
8.6,76,55,140.0,8,10,0.78
14.1,83,22,4.2,18,12,0.05
29.4,65,10,633.2,15,5,3.78
23.6,68,63,204.4,16,6,1.33
31.2,45,7,254.6,7,5,0.91
10.8,85,92,53.6,14,11,0.39
12.6,51,93,43.7,15,12,0.18
30.5,50,55,412.2,14,5,2.28
26.6,83,59,0.0,6,4,0.16
34.7,50,9,659.6,15,3,4.1
33.4,37,38,275.7,8,3,1.74
31.5,78,27,678.2,13,4,3.86
12.6,45,48,240.8,11,9,1.23
26.1,88,35,497.7,10,2,2.37
9.9,84,12,352.5,10,9,2.15
20.9,60,95,69.6,11,1,0.53
17.2,71,35,459.9,12,1,2.74
30.2,39,100,34.6,6,5,0.39
27.6,61,25,602.1,14,6,3.31
23.9,88,85,129.4,8,6,0.74
26.9,63,3,662.1,9,3,3.89
16.4,38,94,84.7,15,7,0.49
15.7,46,81,11.5,6,9,0.3
9.8,40,63,0.0,18,11,0.0
14.4,61,37,257.1,16,12,1.48
10.9,39,87,128.0,15,10,0.58
15.8,51,86,101.9,8,8,0.88
27.2,86,21,157.1,7,6,0.65
13.9,46,1,168.0,7,12,0.9
11.6,33,30,48.9,6,8,0.63
11.1,77,10,422.3,13,12,2.63
26.9,81,91,171.6,8,5,1.02
12.1,76,45,76.7,8,8,0.46
9.1,54,95,91.3,11,10,0.36
18.9,88,61,72.7,18,12,0.42
28.9,50,68,369.1,13,4,2.11
8.9,66,63,0.0,18,10,0.04
15.0,67,9,471.1,14,8,2.53
8.8,78,39,317.4,14,10,1.98
14.8,30,23,294.4,9,12,1.97
26.6,54,98,47.8,10,2,0.24
17.7,80,43,66.1,7,12,0.53
18.0,65,59,51.3,16,12,0.37
34.8,46,61,419.8,14,5,2.3
13.0,70,86,70.4,13,9,0.21
36.7,53,16,417.6,8,4,2.2
9.0,31,64,138.8,16,11,0.89
31.3,69,94,15.0,17,6,0.08
18.9,44,94,38.0,18,1,0.48
10.5,61,56,137.2,14,9,0.98
19.6,68,54,227.8,8,1,1.52
28.0,88,52,459.3,14,5,2.78
30.3,35,55,126.3,7,4,0.55
13.3,30,97,24.6,17,12,0.21
31.2,76,8,565.5,15,3,3.32
23.3,52,21,602.4,14,6,3.39
27.0,87,12,725.3,13,2,4.56
33.2,68,88,109.9,14,3,0.86
27.6,90,47,446.1,10,5,2.42
13.7,86,17,180.0,16,9,0.95
26.7,46,75,107.8,16,2,0.53
16.8,63,39,0.0,7,10,0.12
13.5,88,16,508.6,13,8,3.15
27.4,70,14,185.2,17,2,1.11
6.5,58,14,257.9,11,11,1.6
27.2,38,78,383.0,13,5,2.02
21.1,42,62,216.8,16,7,1.38
19.2,35,38,296.0,10,8,1.76
16.3,35,12,399.4,15,1,2.26
27.4,49,80,81.8,7,6,0.18
19.8,81,31,497.6,11,1,2.99
20.4,82,8,710.2,10,2,4.33
20.5,32,39,75.6,17,1,0.11
16.5,46,19,54.9,18,11,0.33
25.3,78,89,25.8,17,5,0.18
9.7,41,90,99.9,10,10,0.49
8.4,77,84,0.0,18,9,0.08
23.6,76,81,132.4,6,6,0.77
15.6,74,76,70.8,7,11,0.48
10.5,84,79,267.1,13,11,1.71
24.2,30,72,41.4,18,1,0.36
23.3,46,62,0.0,18,1,0.2
23.9,32,75,179.6,8,2,1.15
9.8,55,43,235.8,15,9,1.32
26.0,44,37,338.8,8,3,1.9
17.2,65,82,208.7,13,1,1.04
29.7,61,59,472.9,13,5,2.81
19.9,61,70,17.4,7,7,0.37
23.1,33,98,43.6,13,6,0.19
10.4,47,47,119.0,16,12,0.8
20.3,78,17,6.4,18,1,0.0
27.3,48,15,0.0,18,5,0.04
28.1,72,54,0.0,6,5,0.25
25.9,81,38,579.0,11,6,3.6
21.2,64,67,382.2,13,3,1.98
24.1,69,58,237.8,8,5,1.54
26.9,43,88,127.7,13,7,0.88
27.1,87,95,17.1,17,5,0.14
21.1,62,61,0.0,6,5,0.13
24.3,43,12,474.8,16,5,2.68
17.5,63,80,20.8,16,10,0.14
7.9,90,100,45.1,14,10,0.49
32.1,84,5,83.1,18,3,0.69
20.4,33,82,75.1,16,1,0.56
27.2,53,76,48.0,18,5,0.11
13.7,88,59,207.2,14,9,1.04
12.8,58,89,136.2,10,1,0.84
24.3,48,13,620.8,15,3,3.76
28.5,35,94,104.1,9,4,0.6
16.0,86,53,184.8,16,1,0.95
18.3,62,3,630.5,11,1,3.87
17.6,78,38,95.7,17,8,0.6
25.4,69,71,277.6,12,2,1.72
19.0,48,24,423.7,10,12,2.66
15.6,82,76,1.9,16,8,0.0
23.0,30,31,24.1,18,7,0.05
9.8,34,58,152.0,15,10,1.13
8.2,56,62,165.4,14,10,0.84
29.4,45,37,334.7,8,2,1.88
22.9,35,91,139.5,12,6,1.08
26.0,69,52,332.5,15,6,1.88
31.0,42,93,24.8,15,3,0.13
13.9,77,66,68.6,16,11,0.33
21.5,64,27,600.0,10,2,3.24
18.2,48,2,473.1,12,12,2.81
17.1,41,97,31.0,7,1,0.0
27.4,45,79,139.8,9,6,0.88
16.6,88,21,109.9,7,12,0.88
31.1,72,95,0.0,18,5,0.0
7.7,39,37,0.0,18,11,0.0
13.1,54,71,60.4,17,9,0.45
23.3,49,71,250.2,12,1,1.06
20.6,60,61,112.3,7,7,0.94
26.2,33,56,39.7,18,5,0.31
31.4,73,5,519.6,16,5,3.25
25.3,52,77,6.7,6,2,0.0
6.3,31,31,338.3,14,11,1.94
26.0,85,98,0.0,6,3,0.0
18.4,51,9,666.8,13,7,4.43
29.5,80,2,239.0,7,6,1.67
19.0,86,58,79.7,17,12,0.5
29.0,66,75,289.1,13,2,1.76
25.7,37,48,0.0,18,6,0.13
27.7,36,58,143.3,8,2,1.33
21.6,43,30,684.8,11,2,4.19
25.0,85,92,64.7,8,2,0.4
12.7,84,68,161.6,12,11,0.9
25.4,32,61,251.0,15,3,1.55
25.6,79,51,324.2,14,2,1.82
35.1,45,88,49.4,7,4,0.38
13.0,84,40,55.8,17,9,0.05
27.8,48,30,160.7,17,6,0.9
12.6,80,84,152.3,10,1,1.06
19.7,47,83,124.5,18,8,0.82
14.4,81,21,413.9,11,12,2.39
17.7,45,3,560.6,9,7,3.32
9.5,37,12,334.4,9,10,2.21
24.2,89,44,447.6,9,3,2.44
23.1,62,41,102.6,7,1,0.37
27.7,78,48,317.4,9,5,1.7
27.8,41,19,438.4,16,4,2.6
9.5,82,76,50.9,6,10,0.03
18.4,40,80,127.2,17,8,0.95
20.4,34,53,306.1,11,1,1.65
5.8,56,35,0.0,6,10,0.04
21.4,41,96,20.1,15,1,0.0
12.2,46,0,499.6,11,12,2.98
23.5,35,14,33.2,6,4,0.0
19.5,62,76,133.9,11,8,1.0
30.0,34,16,539.7,15,5,2.98
24.8,86,23,690.9,13,2,3.93
24.0,57,57,229.5,16,6,1.85
32.9,43,71,107.2,7,5,0.73
34.3,34,90,9.2,7,2,0.25
12.7,83,22,64.7,18,11,0.48
8.3,85,45,68.5,17,11,0.32
10.9,88,71,231.4,9,11,1.13
30.0,62,7,457.7,16,3,2.63
4.3,79,58,0.0,8,9,0.0
21.0,77,89,0.0,9,7,0.0
21.3,70,58,31.2,18,7,0.0
15.3,48,12,166.7,17,11,1.02
28.7,51,38,520.1,12,6,3.39
15.3,34,100,105.0,18,8,0.74
34.5,88,27,461.6,16,4,2.64
21.1,31,88,10.5,6,8,0.06
30.1,59,60,471.3,11,4,2.16
16.3,76,15,282.6,8,8,1.61
6.0,68,1,312.6,16,9,1.59
24.3,33,81,218.0,15,3,1.34
26.1,62,16,831.0,12,3,4.91
10.0,42,29,263.6,15,11,1.41
21.7,49,12,223.1,7,2,1.36
9.9,83,95,61.2,7,10,0.39
27.4,36,92,0.0,18,3,0.3
31.9,44,93,126.4,9,3,0.87
27.2,52,81,23.0,6,5,0.18
21.8,43,12,424.4,8,5,2.36
25.4,52,42,39.2,18,2,0.02
15.0,48,84,212.3,14,12,1.39
7.4,83,93,72.1,12,10,0.39
25.3,58,20,731.6,12,6,4.43
25.4,85,54,80.3,18,5,0.68
26.0,49,80,8.1,18,6,0.0
27.9,58,39,182.7,16,1,1.36
23.2,53,82,208.6,9,5,1.45
9.8,47,14,0.0,7,9,0.0
13.0,39,72,22.0,9,12,0.6
8.7,70,51,225.7,11,10,1.42
28.1,86,73,28.5,16,2,0.07
21.6,37,94,0.0,16,1,0.1
12.5,55,52,87.4,8,10,0.33
11.4,58,86,0.0,6,11,0.11
7.4,39,51,54.2,17,9,0.17
6.7,46,29,341.2,13,10,2.45
13.6,31,32,93.0,17,9,0.57
11.9,35,56,0.0,18,9,0.13
28.8,87,51,466.0,10,6,2.6
15.9,34,8,370.6,10,8,2.39
7.8,57,53,126.2,16,11,0.75
18.4,70,0,418.0,9,1,2.23
11.7,34,43,249.5,11,10,1.45
32.1,47,98,43.1,8,4,0.64
22.6,55,74,256.6,14,1,1.71
11.9,49,97,96.5,10,8,0.5
16.4,70,79,71.8,8,1,0.06
28.1,78,8,406.4,16,3,2.24
34.3,56,31,0.0,6,4,0.0
12.9,78,14,433.7,15,8,2.23
26.4,41,11,279.2,17,6,1.82
11.4,36,96,4.1,11,10,0.04
17.3,88,77,83.7,7,12,0.86
25.0,32,56,0.0,18,7,0.0
19.7,39,7,235.3,8,8,1.41
23.2,63,71,0.0,6,2,0.0
3.7,54,26,318.8,14,10,1.79
9.3,64,61,127.2,13,11,0.72
15.2,45,11,149.7,17,8,0.82
27.6,31,64,105.4,7,3,0.64
25.9,89,41,105.5,17,7,0.83
28.7,53,61,300.0,16,3,1.95
22.0,39,10,703.3,13,7,4.07
12.0,67,42,63.6,17,11,0.38
14.0,51,94,56.1,14,12,0.5
19.2,55,16,0.0,6,2,0.21
9.8,72,96,0.0,18,10,0.0
34.8,84,31,628.4,10,6,3.76
24.9,68,92,153.0,13,3,0.98
23.2,56,84,153.5,16,3,0.71
17.1,58,84,0.0,7,9,0.16
22.2,76,39,299.5,9,7,1.83
29.2,67,22,792.9,12,5,4.33
19.1,49,55,144.2,8,12,0.81
7.5,56,5,41.2,18,10,0.26
19.7,70,85,12.4,17,7,0.0
14.2,83,49,125.6,10,9,1.0
26.3,49,36,513.2,13,1,3.32
16.5,73,63,31.6,17,7,0.11
28.8,48,53,339.7,15,6,1.91
11.1,49,71,94.7,8,10,0.54
15.5,64,48,137.7,9,12,0.79
11.3,76,98,97.4,14,9,0.47
15.8,31,10,608.7,12,1,2.91
32.9,59,87,2.8,6,4,0.37
9.0,82,48,46.8,17,9,0.28
26.8,63,20,661.0,9,4,3.9
12.7,51,65,184.6,9,10,1.17
31.0,32,62,276.8,14,3,1.6
11.6,35,82,224.3,11,9,1.26
28.2,44,27,523.3,14,2,2.9
34.3,56,16,326.7,17,4,1.52
28.9,39,5,771.3,11,6,4.28
23.4,38,18,671.0,11,2,3.8
18.0,62,55,228.2,10,8,1.5
15.6,61,27,340.5,10,8,2.19
25.2,77,65,201.4,7,1,1.03
14.6,35,37,350.5,13,12,1.57
27.6,70,36,611.6,13,3,3.63
8.2,88,67,83.3,16,10,0.42
11.9,65,85,0.0,18,9,0.0
30.1,88,89,79.9,6,5,0.66
26.5,89,48,392.8,13,6,2.37
31.0,31,42,508.0,10,4,2.78
12.0,58,35,117.7,7,10,0.47
24.3,33,57,109.3,7,2,0.6
8.7,30,12,406.7,11,11,2.26
12.1,48,51,225.4,16,8,1.34
14.3,55,57,50.2,18,11,0.51
26.4,54,31,537.6,14,6,2.93
23.1,39,80,104.5,6,5,0.64
14.6,82,99,0.0,17,9,0.18
25.6,44,59,312.1,11,1,1.85
26.5,88,82,216.3,14,5,1.43
26.0,51,57,394.7,13,6,2.3
27.2,80,98,3.2,16,5,0.05
26.9,77,55,335.4,11,6,2.09
21.5,50,27,342.6,8,6,1.94
19.8,88,0,644.5,13,7,4.26
